config,bin,exact_hz,samples,file
mip,82,55.178833,65536,mip_82.f32
legacy,82,55.178833,65536,legacy_82.f32
mip,163,109.684753,65536,mip_163.f32
legacy,163,109.684753,65536,legacy_163.f32
mip,327,220.042419,65536,mip_327.f32
legacy,327,220.042419,65536,legacy_327.f32
mip,490,329.727173,65536,mip_490.f32
legacy,490,329.727173,65536,legacy_490.f32
mip,654,440.084839,65536,mip_654.f32
legacy,654,440.084839,65536,legacy_654.f32
mip,981,660.127258,65536,mip_981.f32
legacy,981,660.127258,65536,legacy_981.f32
mip,1308,880.169678,65536,mip_1308.f32
legacy,1308,880.169678,65536,legacy_1308.f32
mip,1962,1320.254517,65536,mip_1962.f32
legacy,1962,1320.254517,65536,legacy_1962.f32
mip,2972,1999.896240,65536,mip_2972.f32
legacy,2972,1999.896240,65536,legacy_2972.f32
mip,4458,2999.844360,65536,mip_4458.f32
legacy,4458,2999.844360,65536,legacy_4458.f32
mip,6221,4186.189270,65536,mip_6221.f32
legacy,6221,4186.189270,65536,legacy_6221.f32
