mode,bin,exact_hz,amount,samples,file
none,163,109.684753,0.750,65536,warp_none_163.f32
sync,163,109.684753,0.750,65536,warp_sync_163.f32
bend,163,109.684753,0.750,65536,warp_bend_163.f32
pwm,163,109.684753,0.750,65536,warp_pwm_163.f32
none,654,440.084839,0.750,65536,warp_none_654.f32
sync,654,440.084839,0.750,65536,warp_sync_654.f32
bend,654,440.084839,0.750,65536,warp_bend_654.f32
pwm,654,440.084839,0.750,65536,warp_pwm_654.f32
none,1962,1320.254517,0.750,65536,warp_none_1962.f32
sync,1962,1320.254517,0.750,65536,warp_sync_1962.f32
bend,1962,1320.254517,0.750,65536,warp_bend_1962.f32
pwm,1962,1320.254517,0.750,65536,warp_pwm_1962.f32
